Sub-Category,total_orders,total_revenue,total_profit,profit_margin_pct
Phones,889,330007.054,44515.7306,13.49
Chairs,617,328449.103,26590.1663,8.1
Storage,846,223843.608,21278.8264,9.51
Tables,319,206965.532,-17725.4811,-8.56
Binders,1523,203412.733,30221.7633,14.86
Machines,115,189238.631,3384.7569,1.79
Accessories,775,167380.318,41936.6357,25.05
Copiers,68,149528.03,55617.8249,37.2
Bookcases,228,114879.9963,-3472.556,-3.02
Appliances,466,107532.16100000001,18138.005400000002,16.87
